ENTE; ESTOQUE EM MORA - [TJPE] ; ESTOQUE VINCENDOS - [TJPE] ; ENDIVIDAMENTO TOTAL - [TJPE] ; APORTES - [TJPE] ; ESTOQUE EM MORA - [TRF5] ; ESTOQUE VINCENDOS - [TRF5] ; ENDIVIDAMENTO TOTAL - [TRF5] ; APORTES - [TRF5] ; ESTOQUE EM MORA - [TRT6] ; ESTOQUE VINCENDOS - [TRT6] ; ENDIVIDAMENTO TOTAL - [TRT6] ; APORTES - [TRT6] ; ESTOQUE EM MORA ; ESTOQUE VINCENDOS ; ENDIVIDAMENTO TOTAL ; VALOR APORTADO ; RCL 2024 ;DÍVIDA EM MORA / RCL;% APLICADO;TOTAL A SER APORTADO;SALDO REMANESCENTE A APORTAR;TJPE (%);TRF5 (%);TRT6 (%); TJPE (R$) ; TRF5 (R$) ; TRT6 (R$) ; TJPE ; TRF5 ; TRT6 ;STATUS
Estado de Pernambuco;172212731,8;240459212,3;412671944;268109199,1;2051829,38;1.425.305,53;3.477.134,91;1969882,28;7336806,48;4468286,2;11805092,68;5287054,87;181601367,6;246.352.803,98;427.954.171,60;275366136,2;43811252907;0,004145085;0,01;438112529,1;162746392,8;96,43%;0,81%;2,76%;422467546,9;3559671,737;12085310,42;154358347,8;1589789,457;6798255,551;PENDENTE
Município de Abreu e Lima;35526,24;289900,62;325426,86;297555,15;0;0;0;0;0;0;0;0;35.526,24;289900,62;325.426,86;297.555,15;281462232,8;0,00012622;0,01;2814622,328;2517067,178;100,00%;0,00%;0,00%;2814622,328;0;0;2517067,178;0;0;PENDENTE
Município de Afogados da Ingazeira;0;1341931,01;1341931,01;0,00;0;0;0;0;2640847,38;345.743,80;2.986.591,18;839480,5;2640847,38;1.687.674,81;4.328.522,19;839480,5;181869339,6;0,014520575;0,01;1818693,396;979212,8963;31,00%;0,00%;69,00%;563832,4026;0;1254860,994;563832,4026;0;415380,4937;PENDENTE
Município de Afrânio;3.459,29;0;3.459,29;0,00;0;0;0;0;0;0;0;0;3.459,29;0;3.459,29;0;95.513.777,08;0,00%;1,00%;955.137,77;955.137,77;100,00%;0,00%;0,00%;955.137,77;0;0;955.137,77;0;0;PENDENTE
Município de Agrestina;0;122.574,48;122.574,48;0,00;0;0;0;0;0;0;0;0;0;122.574,48;122.574,48;0;116.659.047,46;0,00%;1,00%;1.166.590,47;1.166.590,47;100,00%;0,00%;0,00%;1.166.590,47;0;0;1.166.590,47;0;0;PENDENTE
Município de Água Preta;2920603,27;2.942.645,42;5.863.248,69;53941,34;0;0;0;0;0;36.824,19;36.824,19;0;2.920.603,27;2.979.469,61;5.900.072,88;53.941,34;124.437.436,73;2,35%;1,00%;1.244.374,37;1.190.433,03;99,38%;0,00%;0,62%;1.236.607,84;0;7.766,53;1.182.666,50;0;7.766,53;PENDENTE
Município de Águas Belas;92.055,43;197293,33;289.348,76;96497,29;0;0;0;0;0;0;0;0;92.055,43;197293,33;289.348,76;96497,29;183.369.691,86;0,05%;1,00%;1.833.696,92;1.737.199,63;100,00%;0,00%;0,00%;1.833.696,92;0;0;1.737.199,63;0;0;PENDENTE
Município de Alagoinha;0;221.353,04;221.353,04;0,00;0;0;0;0;0;0;0;0;0;221.353,04;221.353,04;0;68.397.387,73;0,00%;1,00%;683.973,88;683.973,88;100,00%;0,00%;0,00%;683.973,88;0;0;683.973,88;0;0;PENDENTE
Município de Aliança;2.864.366,72;2.414.678,95;5.279.045,67;1.421.150,23;0;5494,6;5494,6;0;0;0;0;0;2.864.366,72;2.420.173,55;5.284.540,27;1.421.150,23;140.746.284,09;2,04%;1,00%;1.407.462,84;0;99,90%;0,10%;0,00%;1.405.999,43;1463,40929;0;-15.150,80;1463,40929;0;REGULARIZADO
Município de Altinho;571.271,93;1.716.452,88;2.287.724,81;0,00;0;0;0;0;0;78977,83;78977,83;0;571.271,93;1.795.430,71;2.366.702,64;0;82.977.044,80;0,69%;1,00%;829.770,45;829.770,45;96,66%;0,00%;3,34%;802.080,67;0;27689,77745;802.080,67;0;27689,77745;PENDENTE
Município de Amaraji;481595,41;0;481.595,41;0,00;0;0;0;0;0;41333,1;41333,1;0;481595,41;41.333,10;522.928,51;0;81.216.881,30;0,59%;1,00%;812.168,81;812.168,81;92,10%;0,00%;7,90%;747.973,70;0;64195,11295;747.973,70;0;64195,11295;PENDENTE
Município de Angelim;0;0;0;0,00;0;0;0;0;0;0;0;0;0;0;0;0;60.464.810,74;0,00%;1,00%;0;0;0,00;0,00;0,00;0;0;0;0;0;0;REGULARIZADO
Município de Araçoiaba;58.309,83;31.407,87;89.717,70;61729,81;0;77234,23;77234,23;0;0;0;0;0;58.309,83;108.642,10;166.951,93;61729,81;96.203.924,60;0,06%;1,00%;962.039,25;900.309,44;53,74%;46,26%;0,00%;516.986,83;445052,4195;0;455.257,02;445052,4195;0;PENDENTE
Município de Araripina;968.591,92;482477,76;1.451.069,68;826591,42;0;0;0;0;0;0;0;0;968.591,92;482.477,76;1.451.069,68;826591,42;318.131.238,47;0,30%;1,00%;3.181.312,38;2.354.720,96;100,00%;0,00%;0,00%;3.181.312,38;0;0;2.354.720,96;0;0;PENDENTE
Município de Arcoverde;2088204,06;2694305,46;4782509,52;2141173,39;0;0;0;0;100544,33;0;100544,33;101870,37;2188748,39;2694305,46;4883053,85;2243043,76;292.274.352,31;0,75%;1,00%;2922743,523;679699,7631;0,979409539;0;0,020590461;2862562,886;0;60180,63661;721389,4965;0;-41689,73339;PENDENTE
Município de Barra de Guabiraba;0;0;0;0,00;0;0;0;0;0;0;0;0;0;0;0;0;71.145.266,42;0,00%;1,00%;0;0;0,00;0,00;0,00;0;0;0;0;0;0;REGULARIZADO
Município de Barreiros;131.886,24;0;131.886,24;0,00;0;0;0;0;444788,31;652013,64;1096801,95;161972,41;576.674,55;652.013,64;1.228.688,19;161.972,41;180.624.559,59;0,32%;1,00%;1.806.245,60;1.644.273,19;10,73%;0,00%;89,27%;193.880,71;0;1612364,885;193.880,71;0;1450392,475;PENDENTE
Município de Belém de Maria;308.166,85;0;308.166,85;137.052,91;0;0;0;0;0;0;0;0;308.166,85;0;308.166,85;137.052,91;65.373.707,69;0,47%;1,00%;653.737,08;516.684,17;100,00%;0,00%;0,00%;653.737,08;0;0;516.684,17;0;0;PENDENTE
Município de Belém do São Francisco;0;0;0;0,00;0;0;0;0;0;573481,86;573481,86;0;0;573481,86;573481,86;0;87.308.823,09;0,00%;1,00%;873088,2309;873088,2309;0;0;1;0;0;873088,2309;0;0;873088,2309;PENDENTE
Município de Belo Jardim;586.393,17;2560788,88;3.147.182,05;0,00;0;0;0;0;28.402,31;0;28.402,31;0;614.795,48;2.560.788,88;3.175.584,36;0;311.320.653,21;0,20%;1,00%;3.113.206,53;3.113.206,53;99,11%;0,00%;0,89%;3.085.362,13;0;27.844,40;3.085.362,13;0;27.844,40;PENDENTE
Município de Betânia;55.472,60;656098,17;711.570,77;57.356,56;0;0;0;0;0;0;0;0;55.472,60;656098,17;711.570,77;57.356,56;68.030.098,39;0,08%;1,00%;680.300,98;622.944,42;100,00%;0,00%;0,00%;680.300,98;0;0;622.944,42;0;0;PENDENTE
Município de Bezerros;1034436,17;530981,49;1565417,66;1122350,83;0;0;0;0;0;0;0;0;1034436,17;530.981,49;1.565.417,66;1122350,83;218.614.629,27;0,47%;1,00%;2.186.146,29;1.063.795,46;100,00%;0,00%;0,00%;2186146,293;0;0;1063795,463;0;0;PENDENTE
Município de Bodocó;0;0;0;0,00;0;0;0;0;0;0;0;0;0;0;0;0;148.939.740,38;0,00%;1,00%;0;0;0,00;0,00;0,00;0;0;0;0;0;0;REGULARIZADO
Município de Bom Conselho;0;0;0;0,00;0;0;0;0;0;0;0;0;0;0;0;0;198.682.216,51;0,00%;1,00%;0;0;0,00;0,00;0,00;0;0;0;0;0;0;REGULARIZADO
Município de Bom Jardim;70.315,36;252.569,52;322.884,88;154.356,05;0;5982,41;5982,41;0;0;0;0;0;70.315,36;258.551,93;328.867,29;154.356,05;153.791.059,96;0,05%;1,00%;1.537.910,60;1.383.554,55;98,18%;1,82%;0,00%;1.509.934,54;27976,06217;0;1.355.578,49;27976,06217;0;PENDENTE
Município de Bonito;0;0;0;0,00;0;0;0;0;0;0;0;0;0;0;0;0;180.268.726,51;0,00%;1,00%;0;0;0,00;0,00;0,00;0;0;0;0;0;0;REGULARIZADO
Município de Brejão;1347873,45;0;1347873,45;0,00;0;0;0;0;0;0;0;0;1347873,45;0;1347873,45;0;65.883.447,05;2,05%;1,00%;658834,4705;658834,4705;1;0;0;658834,4705;0;0;658834,4705;0;0;PENDENTE
Município de Brejinho;0;0;0;0,00;0;0;0;0;40564,52;98141,11;138705,63;40546,52;40.564,52;98.141,11;138.705,63;40.546,52;52.294.016,76;0,08%;1,00%;522.940,17;482.393,65;0,00%;0,00%;100,00%;0;0;522940,1676;0;0;482393,6476;PENDENTE
Município de Brejo da Madre de Deus;124097,52;1401654,96;1525752,48;304918,89;0;74474,85;74474,85;0;0;140866,11;140866,11;11110,61;124097,52;1616995,92;1741093,44;316029,5;195.670.425,43;0,06%;1,00%;1956704,254;1640674,754;0,876318551;0,042774758;0,080906692;1714696,236;83697,55034;158310,4677;1409777,346;83697,55034;147199,8577;PENDENTE
Município de Buenos Aires;0;0;0;0,00;0;2274,72;2274,72;0;0,00;0,00;0;0,00;0;2274,72;2.274,72;0;58.267.848,49;0,00%;1,00%;582.678,48;582.678,48;0,00%;100,00%;0,00%;0;582678,4849;0;0;582678,4849;0;PENDENTE
Município de Buíque;1217097,16;257497,93;1474595,09;1255318,51;0;0;0;0;1.313.694,27;0;1.313.694,27;793.762,63;2.530.791,43;257.497,93;2.788.289,36;2.049.081,14;212.592.180,48;1,19%;1,00%;2.125.921,80;76.840,66;52,89%;0,00%;47,11%;1124300,046;0;1.001.621,76;-131018,4642;0;207.859,13;PENDENTE
Município de Cabo de Santo Agostinho;4.579.820,99;6.991.936,73;11.571.757,72;979.282,31;1002529,27;0;1.002.529,27;1015489,39;397079,65;512.614,68;909.694,33;387.950,64;5.979.429,91;7.504.551,41;13.483.981,32;2.382.722,34;1.100.628.232,90;0,54%;1,00%;11.006.282,33;8.623.559,99;85,82%;7,43%;6,75%;9.445.432,29;818.313,22;742.536,82;8.466.149,98;-197.176,17;354.586,18;PENDENTE
Município de Cabrobó;0;276.521,41;276.521,41;0,00;0;0;0;0;0;0;0;0;0;276.521,41;276.521,41;0;145.557.127,66;0,00%;1,00%;1.455.571,28;1.455.571,28;100,00%;0,00%;0,00%;1.455.571,28;0;0;1.455.571,28;0;0;PENDENTE
Município de Cachoeirinha;0;0;0;0,00;0;0;0;0;0;0;0;0;0;0;0;0;80.094.566,30;0,00%;1,00%;0;0;0,00;0,00;0,00;0;0;0;0;0;0;REGULARIZADO
Município de Caetés;284910,58;2.587.774,60;2.872.685,18;2201027,11;0;0;0;0;0;0;0;0;284910,58;2.587.774,60;2.872.685,18;2201027,11;132.803.253,53;0,21%;1,00%;1.328.032,54;0;100,00%;0,00%;0,00%;1.328.032,54;0;0;-872.994,57;0;0;REGULARIZADO
Município de Calçado;2205536,73;0;2205536,73;210000;0;0;0;0;0;0;0;0;2205536,73;0;2205536,73;210000;62.021.660,80;3,56%;1,00%;620216,608;410216,608;1;0;0;620216,608;0;0;410216,608;0;0;PENDENTE
Município de Calumbi;132.440,87;0;132.440,87;0,00;0;0;0;0;0;0;0;0;132.440,87;0;132.440,87;0;45.340.848,76;0,29%;1,00%;453.408,49;453.408,49;100,00%;0,00%;0,00%;453.408,49;0;0;453.408,49;0;0;PENDENTE
Município de Camaragibe;64.510,02;0;64.510,02;67.302,42;0;0;0;0;0;600228,32;600228,32;210141,77;64.510,02;600228,32;664.738,34;277.444,19;482.920.191,88;0,01%;1,00%;4.829.201,92;4.551.757,73;9,70%;0,00%;90,30%;468.653,44;0;4360548,475;401.351,02;0;4150406,705;PENDENTE
Município de Camocim de São Félix;0;85335,33;85.335,33;0,00;0;0;0;0;0;0;0;0;0;85335,33;85.335,33;0;78.686.340,58;0,00%;1,00%;786.863,41;786.863,41;100,00%;0,00%;0,00%;786.863,41;0;0;786.863,41;0;0;PENDENTE
Município de Camutanga;4.328.014,52;273012,53;4.601.027,05;1.147.664,25;63344,11;2134,25;65478,36;18937,58;0;0;0;0;4.391.358,63;275.146,78;4.666.505,41;1.166.601,83;55.525.158,52;7,91%;1,00%;555.251,59;0;98,60%;1,40%;0,00%;547.460,54;7791,047045;0;-600.203,71;-11146,53295;0;REGULARIZADO
Município de Canhotinho;0;0;0;1621759,37;0;0;0;0;0;0;0;0;0;0;0;1621759,37;114.295.349,55;0,00%;1,00%;0;0;0,00;0,00;0,00;0;0;0;-1.621.759,37;0;0;REGULARIZADO
Município de Capoeiras;0;0;0;0,00;0;0;0;0;0;0;0;0;0;0;0;0;108.563.000,37;0,00%;1,00%;0;0;0,00;0,00;0,00;0;0;0;0;0;0;REGULARIZADO
Município de Carnaíba;2835174,31;442224,96;3277399,27;3.619.279,84;0;0;0;0;0;0;0;0;2835174,31;442224,96;3277399,27;3.619.279,84;113.354.102,40;2,50%;1,00%;1133541,024;0;1;0;0;1133541,024;0;0;-2.485.738,82;0;0;REGULARIZADO
Município de Carnaubeira da Penha;0;0;0;0,00;0;0;0;0;0;0;0;0;0;0;0;0;54.364.826,52;0,00%;1,00%;0;0;0,00;0,00;0,00;0;0;0;0;0;0;REGULARIZADO
Município de Carpina;32.146.728,39;12.020.911,33;44.167.639,72;5.082.167,34;3914950,33;10702,98;3925653,31;461994,88;87264,99;32546,34;119811,33;16124,82;36.148.943,71;12.064.160,65;48.213.104,36;5.560.287,04;274.323.233,29;13,18%;1,00%;2.743.232,33;0;91,61%;8,14%;0,25%;2.513.053,22;223362,0762;6817,03281;-2.569.114,12;-238632,8038;-9307,78719;REGULARIZADO
Município de Caruaru;31624235,14;6428408,09;38052643,23;8522207,72;0;0;0;0;0;93521,01;93521,01;0;31624235,14;6521929,1;38146164,24;8522207,72;1.348.606.032,10;2,34%;1,00%;13486060,32;4963852,601;0,997548351;0;0,002451649;13452997,23;0;33063,08792;4930789,513;0;33063,08792;PENDENTE
Município de Casinhas;0;0;0;0,00;0;3255,54;3.255,54;0;24.866,36;0;24.866,36;25.184,86;24.866,36;3.255,54;28.121,90;25.184,86;83.622.885,69;0,03%;1,00%;836.228,86;811.044,00;0,00%;11,58%;88,42%;0;96.806,28;739.422,58;0;96.806,28;714.237,72;PENDENTE
Município de Catende;1.336.199,36;424.488,99;1.760.688,35;1.102.789,31;0;0;0;0;1941891,75;1.924.759,89;3.866.651,64;1637824,51;3.278.091,11;2.349.248,88;5.627.339,99;2.740.613,82;137.964.255,79;2,38%;1,00%;1.379.642,56;0;31,29%;0,00%;68,71%;431.664,09;0;947.978,47;-671.125,22;0;-689.846,04;REGULARIZADO
Município de Chã de Alegria;213657,02;177259,43;390916,45;221883,28;0;3010,99;3010,99;0;0;116775,26;116.775,26;0;213.657,02;297045,68;510.702,70;221.883,28;77.527.622,07;0,28%;1,00%;775.276,22;553.392,94;76,54%;0,59%;22,87%;593433,7687;4570,856876;177.271,60;371550,4887;4570,856876;177.271,60;PENDENTE
Município de Chã Grande;0;0;0;0,00;0;0;0;0;102.754,26;346.078,74;448.833,00;73.531,24;102.754,26;346.078,74;448.833,00;73.531,24;125.429.283,97;0,08%;1,00%;1.254.292,84;1.180.761,60;0,00%;0,00%;100,00%;0;0;1.254.292,84;0;0;1.180.761,60;PENDENTE
Município de Condado;2.150.601,88;351.726,86;2.502.328,74;171.539,93;0;4218,77;4218,77;0;8927,19;0;8.927,19;8767,5;2.159.529,07;355.945,63;2.515.474,70;180.307,43;108.063.995,07;2,00%;1,00%;1.080.639,95;900.332,52;99,48%;0,17%;0,35%;1.074.992,49;1812,370208;3.835,09;903.452,56;1812,370208;-4.932,41;PENDENTE
Município de Correntes;133674,59;682879,32;816553,91;0,00;0;0;0;0;0;0;0;0;133.674,59;682.879,32;816.553,91;0;85.209.534,00;0,16%;1,00%;852.095,34;852.095,34;100,00%;0,00%;0,00%;852095,34;0;0;852095,34;0;0;PENDENTE
Município de Cortês;0;191.034,02;191.034,02;0,00;0;0;0;0;233.511,81;0;233.511,81;145.722,97;233.511,81;191.034,02;424.545,83;145.722,97;89.611.408,49;0,26%;1,00%;896.114,08;750.391,11;45,00%;0,00%;55,00%;403.226,85;0;492.887,24;403.226,85;0;347.164,27;PENDENTE
Município de Cumaru;0;0;0;0,00;0;3535,73;3535,73;0;0;0;0;0;0;3.535,73;3.535,73;0;90.569.065,98;0,00%;1,00%;905.690,66;905.690,66;0,00%;100,00%;0,00%;0;905690,6598;0;0;905690,6598;0;PENDENTE
Município de Cupira;29726,71;111.965,15;141.691,86;0,00;0;0;0;0;0;48758,35;48.758,35;0;29.726,71;160.723,50;190.450,21;0;126.636.521,99;0,02%;1,00%;1.266.365,22;1.266.365,22;74,40%;0,00%;25,60%;942.155,14;0;324.210,08;942.155,14;0;324.210,08;PENDENTE
Município de Custódia;3108999,64;399629,07;3508628,71;1625632,92;0;0;0;0;0;0;0;0;3108999,64;399629,07;3508628,71;1625632,92;177.200.275,96;1,75%;1,00%;1772002,76;146369,8396;1;0;0;1772002,76;0;0;146369,8396;0;0;PENDENTE
Município de Dormentes;0;0;0;0,00;0;0;0;0;0;0;0;0;0;0;0;0;94.785.116,20;0,00%;1,00%;0;0;0,00;0,00;0,00;0;0;0;0;0;0;REGULARIZADO
Município de Escada;0;0;0;0,00;0;0;0;0;0;0;0;0;0;0;0;0;206.314.174,60;0,00%;1,00%;0;0;0,00;0,00;0,00;0;0;0;0;0;0;REGULARIZADO
Município de Exu;0;0;0;0,00;0;0;0;0;0;0;0;0;0;0;0;0;150.147.247,69;0,00%;1,00%;0;0;0,00;0,00;0,00;0;0;0;0;0;0;REGULARIZADO
Município de Feira Nova;0;147381,24;147381,24;0,00;0;3714,67;3714,67;0;0;515481,39;515481,39;0;0;666577,3;666577,3;0;95.117.576,32;0,00%;1,00%;951175,7632;951175,7632;0,221101499;0,005572752;0,773325749;210306,3867;5300,666663;735568,7098;210306,3867;5300,666663;735568,7098;PENDENTE
Município de Ferreiros;37186,63;13367,05;50553,68;38821,39;0;2264,28;2264,28;0;0;0;0;0;37186,63;15631,33;52817,96;38821,39;58.000.432,08;0,06%;1,00%;580004,3208;541182,9308;0,957130491;0,042869509;0;555139,8205;24864,50032;0;516318,4305;24864,50032;0;PENDENTE
Município de Flores;0;0;0;0,00;0;0;0;0;0;0;0;0;0;0;0;0;100.015.258,29;0,00%;1,00%;0;0;0,00;0,00;0,00;0;0;0;0;0;0;REGULARIZADO
Município de Floresta;0;0;0;0,00;88112,81;0;88112,81;0;935897,08;317482,41;1253379,49;994606,99;1.024.009,89;317.482,41;1.341.492,30;994.606,99;146.775.672,93;0,70%;1,00%;1.467.756,73;473.149,74;0,00%;6,57%;93,43%;0;96406,19616;1371350,533;0;96406,19616;376743,5431;PENDENTE
Município de Frei Miguelinho;70688,71;0;70688,71;0;0;2560,88;2560,88;0;0;0;0;0;70688,71;2560,88;73249,59;0;65.597.313,30;0,11%;1,00%;655973,133;655973,133;0,965038985;0,034961015;0;633039,6466;22933,48641;0;633039,6466;22933,48641;0;PENDENTE
Município de Gameleira;1728901,54;644457,14;2373358,68;1725759,25;0;0;0;0;136.380,25;0;136.380,25;137.165,28;1.865.281,79;644.457,14;2.509.738,93;1.862.924,53;110.953.397,52;1,68%;1,00%;1.109.533,98;0;94,57%;0,00%;5,43%;1049241,441;0;60.292,53;-676517,8093;0;-76.872,75;REGULARIZADO
Município de Garanhuns;1.001.568,09;703588,09;1.705.156,18;528062,99;0;0;0;0;0;0;0;0;1.001.568,09;703588,09;1.705.156,18;528062,99;519.868.373,59;0,19%;1,00%;5.198.683,74;4.670.620,75;100,00%;0,00%;0,00%;5.198.683,74;0;0;4.670.620,75;0;0;PENDENTE
Município de Glória do Goitá;47.181,23;318.317,56;365.498,79;66.846,01;0;5403,12;5403,12;0;0;0;0;0;47.181,23;323.720,68;370.901,91;66.846,01;138.402.890,46;0,03%;1,00%;1.384.028,90;1.317.182,89;98,54%;1,46%;0,00%;1.363.867,04;20161,86505;0;1.297.021,03;20161,86505;0;PENDENTE
Município de Goiana;38.397.581,68;16.262.942,66;54.660.524,34;8.540.179,27;17167,69;28332,33;45500,02;2370,17;845062,89;211751,13;1056814,02;144582,43;39.259.812,26;16.503.026,12;55.762.838,38;8.687.131,87;725.743.475,94;5,41%;1,00%;7.257.434,76;0;98,02%;0,08%;1,90%;7.113.970,54;5921,747104;137542,475;-1.426.208,73;3551,577104;-7039,955015;REGULARIZADO
Município de Granito;0;0;0;0,00;0;0;0;0;0;0;0;0;0;0;0;0;45.524.108,41;0,00%;1,00%;0;0;0,00;0,00;0,00;0;0;0;0;0;0;REGULARIZADO
Município de Gravatá;4.785.781,49;2.399.158,79;7.184.940,28;2.262.285,63;0;0;0;0;0;191.661,08;191.661,08;0;4.785.781,49;2.590.819,87;7.376.601,36;2.262.285,63;295.014.119,98;1,62%;1,00%;2.950.141,20;687.855,57;97,40%;0,00%;2,60%;2.873.489,74;0;76.651,46;611.204,11;0;76.651,46;PENDENTE
Município de Iati;2021719,41;797968,11;2819687,52;1200861,25;41950,29;0;41950,29;904,19;0;0;0;0;2063669,7;797968,11;2861637,81;1201765,44;99.500.472,30;2,07%;1,00%;995004,723;0;0,985340461;0,014659539;0;980418,4128;14586,31017;0;-220442,8372;13682,12017;0;REGULARIZADO
Município de Ibimirim;273.098,08;487.638,03;760.736,11;778.068,02;0;0;0;0;0;0;0;0;273.098,08;487.638,03;760.736,11;778.068,02;116.300.837,68;0,23%;1,00%;1.163.008,38;384.940,36;100,00%;0,00%;0,00%;1.163.008,38;0;0;384.940,36;0;0;PENDENTE
Município de Ibirajuba;214.202,34;1.389.745,11;1.603.947,45;0,00;0;0;0;0;0;0;0;0;214.202,34;1.389.745,11;1.603.947,45;0;45.458.472,26;0,47%;1,00%;454.584,72;454.584,72;100,00%;0,00%;0,00%;454.584,72;0;0;454.584,72;0;0;PENDENTE
Município de Igarassu;5.426.194,42;4.638.283,45;10.064.477,87;1.483.021,04;0;316013;316013;31901,82;15743,26;45041,75;60785,01;8622,3;5.441.937,68;4.999.338,20;10.441.275,88;1.523.545,16;416.043.347,09;1,31%;1,00%;4.160.433,47;2.636.888,31;96,39%;3,03%;0,58%;4.010.294,44;125918,6212;24220,41071;2.527.273,40;94016,80121;15598,11071;PENDENTE
Município de Iguaracy;0;0;0;0,00;0;0;0;0;0;0;0;0;0;0;0;0;75.006.668,65;0,00%;1,00%;0;0;0,00;0,00;0,00;0;0;0;0;0;0;REGULARIZADO
Município de Ilha de Itamaracá;2.276.579,70;0;2.276.579,70;0,00;0;0;0;0;0;213.069,99;213.069,99;0;2.276.579,70;213.069,99;2.489.649,69;0;96.414.902,13;2,36%;1,00%;964.149,02;964.149,02;91,44%;0,00%;8,56%;881.634,91;0;82.514,11;881.634,91;0;82.514,11;PENDENTE
Município de Inajá;3288,81;143859,5;147148,31;3414,81;0;0;0;0;0;0;0;0;3288,81;143859,5;147148,31;3414,81;123.531.433,62;0,00%;1,00%;1235314,336;1231899,526;1;0;0;1235314,336;0;0;1231899,526;0;0;PENDENTE
Município de Ingazeira;0;0;0;43532,75;316187,16;1264245,22;1580432,38;0;0;0;0;0;316.187,16;1.264.245,22;1.580.432,38;43532,75;40.192.501,19;0,79%;1,00%;401.925,01;358.392,26;0,00%;100,00%;0,00%;0;401925,0119;0;-43.532,75;401925,0119;0;PENDENTE
Município de Ipojuca;1.220,35;6.397.744,73;6.398.965,08;0,00;0;0;0;0;0;0;0;0;1.220,35;6.397.744,73;6.398.965,08;0;1.600.263.930,48;0,00%;1,00%;16.002.639,30;16.002.639,30;100,00%;0,00%;0,00%;16.002.639,30;0;0;16.002.639,30;0;0;PENDENTE
Município de Ipubi;0;0;0;0,00;0;56.093,02;56.093,02;0;0;0;0;0;0;56.093,02;56.093,02;0;155.364.731,34;0,00%;1,00%;1.553.647,31;1.553.647,31;0,00%;100,00%;0,00%;0;1.553.647,31;0;0;1.553.647,31;0;PENDENTE
Município de Itacuruba;0;52.176,39;52.176,39;0,00;0;0;0;0;0;0;0;0;0;52.176,39;52.176,39;0;41.160.020,29;0,00%;1,00%;411.600,20;411.600,20;100,00%;0,00%;0,00%;411.600,20;0;0;411.600,20;0;0;PENDENTE
Município de Itaíba;251632,6;0;251632,6;270560,92;0;0;0;0;0;0;0;0;251632,6;0;251.632,60;270560,92;123.252.439,07;0,20%;1,00%;1.232.524,39;961.963,47;100,00%;0,00%;0,00%;1232524,391;0;0;961963,4707;0;0;PENDENTE
Município de Itambé;336220,36;507.524,47;843.744,83;47036,42;0;4902,09;4902,09;0;0;0;0;0;336220,36;512.426,56;848.646,92;47036,42;124.219.994,06;0,27%;1,00%;1.242.199,94;1.195.163,52;99,42%;0,58%;0,00%;1.235.024,55;7175,393869;0;1.187.988,13;7175,393869;0;PENDENTE
Município de Itapetim;221.596,51;14439,17;236.035,68;235.691,33;0;0;0;0;0;0;0;0;221.596,51;14439,17;236.035,68;235.691,33;76.935.715,04;0,29%;1,00%;769.357,15;533.665,82;100,00%;0,00%;0,00%;769.357,15;0;0;533.665,82;0;0;PENDENTE
Município de Itapissuma;0;0;0;0,00;0;0;0;0;0;0;0;0;0;0;0;0;179.797.043,10;0,00%;1,00%;0;0;0,00;0,00;0,00;0;0;0;0;0;0;REGULARIZADO
Município de Itaquitinga;443.742,05;738.755,17;1.182.497,22;660.653,22;0;2884,12;2884,12;0;381396,1;0;381396,1;194083,02;825.138,15;741.639,29;1.566.777,44;854.736,24;74.021.111,47;1,11%;1,00%;740.211,11;0;75,47%;0,18%;24,34%;558.661,09;1362,578772;180187,4504;-101.992,13;1362,578772;-13895,56956;REGULARIZADO
Município de Jaboatão dos Guararapes;13748175,34;30024609,41;43772784,75;25627288,91;0;0;0;0;0;217946,69;217946,69;230889,24;13748175,34;30242556,1;43990731,44;25858178,15;1.993.638.163,87;0,69%;1,00%;19936381,64;0;0,995045623;0;0,004954377;19837609,28;0;98772,3606;-5789679,632;0;-132116,8794;REGULARIZADO
Município de Jaqueira;60.128,69;26.963,19;87.091,88;42.481,37;13082,44;0;13082,44;13241,5;0;0;0;0;73.211,13;26.963,19;100.174,32;55.722,87;68.265.453,18;0,11%;1,00%;682.654,53;626.931,66;86,94%;13,06%;0,00%;593.502,07;89152,45896;0;551.020,70;75910,95896;0;PENDENTE
Município de Jataúba;234.349,45;0;234.349,45;251.679,11;0;0;0;0;0;0;0;0;234.349,45;0;234.349,45;251.679,11;96.196.524,84;0,24%;1,00%;961.965,25;710.286,14;100,00%;0,00%;0,00%;961.965,25;0;0;710.286,14;0;0;PENDENTE
Município de Jatobá;0;0;0;0,00;0;0;0;0;0;0;0;0;0;0;0;0;72.183.804,66;0,00%;1,00%;0;0;0,00;0,00;0,00;0;0;0;0;0;0;REGULARIZADO
Município de João Alfredo;9.680,32;0;9.680,32;10195,01;0;5062,93;5062,93;0;0;0;0;0;9.680,32;5062,93;14.743,25;10195,01;129.558.833,48;0,01%;1,00%;1.295.588,33;1.285.393,32;65,66%;34,34%;0,00%;850.674,69;444913,6417;0;840.479,68;444913,6417;0;PENDENTE
Município de Joaquim Nabuco;1882144,1;159142;2041286,1;0,00;0;13495,91;13495,91;0;362063,09;221029,49;583092,58;381617,2;2244207,19;393667,4;2637874,59;381617,2;65.621.397,92;3,42%;1,00%;656213,9792;274596,7792;0,773837433;0,005116206;0,221046361;507802,9408;3357,325946;145053,7124;507802,9408;3357,325946;-236563,4876;PENDENTE
Município de Jucati;229.692,74;0;229.692,74;236.327,85;0;0;0;0;0;0;0;0;229.692,74;0;229.692,74;236.327,85;73.079.057,48;0,31%;1,00%;730.790,57;494.462,72;100,00%;0,00%;0,00%;730.790,57;0;0;494.462,72;0;0;PENDENTE
Município de Jupi;8.078,14;20.468,96;28.547,10;16840,14;0;0;0;0;0;0;0;0;8.078,14;20.468,96;28.547,10;16.840,14;98.042.119,71;0,01%;1,00%;980.421,20;963.581,06;100,00%;0,00%;0,00%;980.421,20;0;0;963.581,06;0;0;PENDENTE
Município de Jurema;439.350,96;55789,11;495.140,07;50.000,00;0;0;0;0;0;0;0;0;439.350,96;55789,11;495.140,07;50.000,00;85.044.521,06;0,52%;1,00%;850.445,21;800.445,21;100,00%;0,00%;0,00%;850.445,21;0;0;800.445,21;0;0;PENDENTE
Município de Lagoa de Itaenga;140.334,65;209.303,08;349.637,73;0,00;0;4219,22;4219,22;0;51828,37;59154,33;110982,7;6185,74;192.163,02;272.676,63;464.839,65;6.185,74;108.076.808,45;0,18%;1,00%;1.080.768,08;1.074.582,34;75,22%;0,91%;23,88%;812.919,68;9809,830804;258038,5733;812.919,68;9809,830804;251852,8333;PENDENTE
Município de Lagoa do Carro;701.584,54;236.011,62;937.596,16;753.772,61;1778769,42;3252,2;1782021,62;0;0;0;0;0;2.480.353,96;239.263,82;2.719.617,78;753.772,61;84.837.514,19;2,92%;1,00%;848.375,14;94.602,53;34,48%;65,52%;0,00%;292.479,80;555895,3379;0;-461.292,81;555895,3379;0;PENDENTE
Município de Lagoa do Ouro;0;98.521,31;98.521,31;0,00;0;0;0;0;0;0;0;0;0;98.521,31;98.521,31;0;81.614.466,87;0,00%;1,00%;816.144,67;816.144,67;100,00%;0,00%;0,00%;816.144,67;0;0;816.144,67;0;0;PENDENTE
Município de Lagoa dos Gatos;166.435,01;20.390,41;186.825,42;22.561,94;0;0;0;0;450307,08;273342,04;723649,12;65482,1;616.742,09;293.732,45;910.474,54;88.044,04;73.211.044,37;0,84%;1,00%;732.110,44;644.066,40;20,52%;0,00%;79,48%;150.225,88;0;581884,5613;127.663,94;0;516402,4613;PENDENTE
Município de Lagoa Grande;0;82.391,47;82.391,47;0,00;12248,57;0;12248,57;12398,89;0;0;0;0;12248,57;82.391,47;94.640,04;12398,89;148.732.376,84;0,01%;1,00%;1.487.323,77;1.474.924,88;87,06%;12,94%;0,00%;1.294.830,30;192493,4657;0;1.294.830,30;180094,5757;0;PENDENTE
Município de Lajedo;43.161,98;188.784,87;231.946,85;0;0;0;0;0;0;130.137,30;130.137,30;0;43.161,98;318.922,17;362.084,15;0;179.760.616,89;0,02%;1,00%;1.797.606,17;1.797.606,17;64,06%;0,00%;35,94%;1.151.525,38;0;646.080,79;1.151.525,38;0;646.080,79;PENDENTE
Município de Limoeiro;0;0;0;0,00;0;8149,59;8.149,59;0;0;0;0;0;0;8.149,59;8.149,59;0;208.638.385,84;0,00%;1,00%;2.086.383,86;2.086.383,86;0,00%;100,00%;0,00%;0;2.086.383,86;0;0;2.086.383,86;0;PENDENTE
Município de Macaparana;0;0;0;0,00;0;4447,96;4447,96;0;0;0;0;0;0;4.447,96;4.447,96;0;113.936.078,56;0,00%;1,00%;1.139.360,79;1.139.360,79;0,00%;100,00%;0,00%;0;1139360,786;0;0;1139360,786;0;PENDENTE
Município de Machados;129225,51;507961,44;637186,95;131075,29;0;3146,72;3146,72;0;0;0;0;0;129225,51;511108,16;640333,67;131075,29;80.654.300,34;0,16%;1,00%;806543,0034;675467,7134;0,995085812;0,004914188;0;802579,4995;3963,503902;0;671504,2095;3963,503902;0;PENDENTE
Município de Manari;0;0;0;0,00;0;858265,85;858265,85;0;0;0;0;0;0;858265,85;858265,85;0;98.577.796,64;0,00%;1,00%;985777,9664;985777,9664;0;1;0;0;985777,9664;0;0;985777,9664;0;PENDENTE
Município de Maraial;11.477,97;66.795,13;78.273,10;0,00;0;0;0;0;0;0;0;0;11.477,97;66.795,13;78.273,10;0;57.080.392,47;0,02%;1,00%;570.803,92;570.803,92;100,00%;0,00%;0,00%;570.803,92;0;0;570.803,92;0;0;PENDENTE
Município de Mirandiba;2632489,34;2684501,54;5316990,88;0,00;0;0;0;0;0;0;0;0;2632489,34;2.684.501,54;5.316.990,88;0;77.167.725,71;3,41%;1,00%;771.677,26;771.677,26;100,00%;0,00%;0,00%;771677,2571;0;0;771677,2571;0;0;PENDENTE
Município de Moreilândia;136.116,24;299.745,06;435.861,30;0,00;0;0;0;0;0;0;0;0;136.116,24;299.745,06;435.861,30;0;63.022.075,53;0,22%;1,00%;630.220,76;630.220,76;100,00%;0,00%;0,00%;630.220,76;0;0;630.220,76;0;0;PENDENTE
Município de Moreno;0;1.049.299,46;1.049.299,46;0,00;0;0;0;0;0;0;0;0;0;1.049.299,46;1.049.299,46;0;194.103.187,47;0,00%;1,00%;1.941.031,87;1.941.031,87;100,00%;0,00%;0,00%;1.941.031,87;0;0;1.941.031,87;0;0;PENDENTE
Município de Nazaré da Mata;0;0;0;0,00;0;4195,24;4195,24;0;1530574,72;191231,47;1721806,19;1050000;1.530.574,72;195.426,71;1.726.001,43;1050000;107.462.633,89;1,42%;1,00%;1.074.626,34;24.626,34;0,00%;0,24%;99,76%;0;2611,999807;1072014,339;0;2611,999807;22014,33909;PENDENTE
Município de Olinda;21694564,19;29.546.202,13;51.240.766,32;9500000;0;0;0;0;1352869,47;1392030,44;2744899,91;2000000;23047433,66;30.938.232,57;53.985.666,23;11500000;976.076.431,32;2,36%;1,00%;9.760.764,31;0;94,92%;0,00%;5,08%;9.264.478,48;0;496285,8284;-235.521,52;0;-1503714,172;REGULARIZADO
Município de Orobó;229046,38;82658,25;311704,63;3194,36;0;4743,28;4743,28;0;46.599,57;23.204,32;69.803,89;26.450,54;275.645,95;110.605,85;386.251,80;29.644,90;121.500.995,74;0,23%;1,00%;1.215.009,96;1.185.365,06;80,70%;1,23%;18,07%;980511,2344;14920,66168;219.578,06;977316,8744;14920,66168;193.127,52;PENDENTE
Município de Orocó;0;0;0;128.881,18;0;0;0;0;0;0;0;0;0;0;0;128.881,18;77.323.835,15;0,00%;1,00%;0;0;0,00;0,00;0,00;0;0;0;-128.881,18;0;0;REGULARIZADO
Município de Ouricuri;95,12;1.173.841,54;1.173.936,66;0,00;0;0;0;0;0;135.195,35;135.195,35;0;95,12;1.309.036,89;1.309.132,01;0;224.615.744,47;0,00%;1,00%;2.246.157,44;2.246.157,44;89,67%;0,00%;10,33%;2.014.194,56;0;231.962,89;2.014.194,56;0;231.962,89;PENDENTE
Município de Palmares;21295529,63;5603145,93;26898675,56;6.723.873,95;3939975,57;161903,11;4101878,68;1396919,07;0;47480,81;47480,81;25851,43;25235505,2;5812529,85;31048035,05;8.146.644,45;312.152.433,58;8,08%;1,00%;3121524,336;0;0,866356776;0,132113954;0,001529269;2704353,761;412396,9231;4773,651655;-4.019.520,19;-984522,1469;-21077,77835;REGULARIZADO
Município de Palmeirina;9730071,5;2.232.585,42;11.962.656,92;2369969,38;1692334,48;0;1692334,48;274350,67;0;0;0;0;11422405,98;2.232.585,42;13.654.991,40;2644320,05;45.413.440,69;25,15%;2,00%;908.268,81;0;87,61%;12,39%;0,00%;795.702,31;112566,503;0;-1.574.267,07;-161784,167;0;REGULARIZADO
Município de Panelas;95.597,15;476.032,43;571.629,58;0,00;0;0;0;0;0;0;0;0;95.597,15;476.032,43;571.629,58;0;136.339.921,65;0,07%;1,00%;1.363.399,22;1.363.399,22;100,00%;0,00%;0,00%;1.363.399,22;0;0;1.363.399,22;0;0;PENDENTE
Município de Paranatama;186.970,16;244.041,66;431.011,82;0,00;0;0;0;0;0;0;0;0;186.970,16;244.041,66;431.011,82;0;73.539.297,24;0,25%;1,00%;735.392,97;735.392,97;100,00%;0,00%;0,00%;735.392,97;0;0;735.392,97;0;0;PENDENTE
Município de Parnamirim;12.224.869,15;0;12.224.869,15;0,00;0;0;0;0;0;0;0;0;12.224.869,15;0;12.224.869,15;0;94.138.787,43;12,99%;1,00%;941.387,87;941.387,87;100,00%;0,00%;0,00%;941.387,87;0;0;941.387,87;0;0;PENDENTE
Município de Passira;710.326,81;340.407,67;1.050.734,48;328935,62;0;4415,93;4415,93;0;0;0;0;0;710.326,81;344.823,60;1.055.150,41;328935,62;112.224.137,88;0,63%;1,00%;1.122.241,38;793.305,76;99,58%;0,42%;0,00%;1.117.544,67;4696,713686;0;788.609,05;4696,713686;0;PENDENTE
Município de Paudalho;4.880.257,26;158282,19;5.038.539,45;1775109,37;556012,09;10559,54;566571,63;85581,6;1055976,63;0;1055976,63;250752,95;6.492.245,98;168841,73;6.661.087,71;2111443,92;270.486.751,16;2,40%;1,00%;2.704.867,51;593.423,59;75,64%;8,51%;15,85%;2.045.999,43;230067,7099;428800,3707;270.890,06;144486,1099;178047,4207;PENDENTE
Município de Paulista;0;3.148.554,61;3.148.554,61;2000000;0;0;0;0;0;78871,34;78871,34;0;0;3.227.425,95;3.227.425,95;2000000;759.073.853,71;0,00%;1,00%;7.590.738,54;5.590.738,54;97,56%;0,00%;2,44%;7.405.237,23;0;185501,3033;5.405.237,23;0;185501,3033;PENDENTE
Município de Pedra;377.726,05;472.374,11;850.100,16;121.165,86;0;0;0;0;0;0;0;0;377.726,05;472.374,11;850.100,16;121.165,86;100.851.017,67;0,37%;1,00%;1.008.510,18;887.344,32;100,00%;0,00%;0,00%;1.008.510,18;0;0;887.344,32;0;0;PENDENTE
Município de Pesqueira;0;287.642,04;287.642,04;0,00;0;0;0;0;171268,05;145.597,96;316.866,01;184866,47;171268,05;433.240,00;604.508,05;184.866,47;246.986.024,53;0,07%;1,00%;2.469.860,25;2.284.993,78;47,58%;0,00%;52,42%;1.175.229,41;0;1.294.630,83;1.175.229,41;0;1.109.764,36;PENDENTE
Município de Petrolândia;0;0;0;0,00;0;0;0;0;0;0;0;0;0;0;0;0;191.249.712,23;0,00%;1,00%;0;0;0,00;0,00;0,00;0;0;0;0;0;0;REGULARIZADO
Município de Petrolina;55621256,92;45.935.181,67;101.556.438,59;18535207,85;13942970,35;0;13942970,35;1972272,42;1.283.316,39;33.510,23;1.316.826,62;209.034,45;70.847.543,66;45.968.691,90;116.816.235,56;20.716.514,72;1.478.288.056,57;4,79%;1,00%;14.782.880,57;0;86,94%;11,94%;1,13%;12.851.781,22;1764457,35;166.642,00;-5.683.426,63;-207815,0702;-42.392,45;REGULARIZADO
Município de Poção;0;86878,95;86878,95;0;0;0;0;0;0;0;0;0;0;86878,95;86878,95;0;58.571.899,96;0,00%;1,00%;585718,9996;585718,9996;1;0;0;585718,9996;0;0;585718,9996;0;0;PENDENTE
Município de Pombos;0;191.099,63;191.099,63;0,00;0;0;0;0;0;37.066,29;37.066,29;0;0;228.165,92;228.165,92;0;117.696.309,14;0,00%;1,00%;1.176.963,09;1.176.963,09;83,75%;0,00%;16,25%;985.761,64;0;191.201,45;985.761,64;0;191.201,45;PENDENTE
Município de Primavera;0;0;0;66449,5;29661,05;0;29661,05;29808,8;1049158,43;39768,61;1088927,04;807317,35;1078819,48;39.768,61;1.118.588,09;903575,65;64.847.585,66;1,66%;1,00%;648.475,86;0;0,00%;2,65%;97,35%;0;17195,31522;631280,5414;-66.449,50;-12613,48478;-176036,8086;REGULARIZADO
Município de Quipapá;513554,38;25.968,69;539.523,07;111070,41;0;0;0;0;0;43.278,99;43.278,99;32899,92;513554,38;69.247,68;582.802,06;143970,33;86.746.196,28;0,59%;1,00%;867.461,96;723.491,63;92,57%;0,00%;7,43%;803.044,08;0;64.417,89;691.973,67;0;31.517,97;PENDENTE
Município de Quixaba;61974,18;0;61974,18;67.155,21;0;0;0;0;0;0;0;0;61.974,18;0;61.974,18;67.155,21;50.268.376,85;0,12%;1,00%;502.683,77;435.528,56;100,00%;0,00%;0,00%;502683,7685;0;0;435.528,56;0;0;PENDENTE
Município de Recife;24.948.377,86;19.301.779,46;44.250.157,32;345005,6;0;2225385,54;2225385,54;0;6358370,73;27.118.464,33;33.476.835,06;13.579.588,33;31.306.748,59;48.645.629,33;79.952.377,92;13.924.593,93;7.433.514.079,50;0,42%;1,00%;74.335.140,80;60.410.546,87;55,35%;2,78%;41,87%;41.141.261,34;2069035,99;31.124.843,47;40.796.255,74;2069035,99;17.545.255,14;PENDENTE
Município de Riacho das Almas;0;83191,81;83.191,81;0,00;0;0;0;0;0;0;0;0;0;83191,81;83.191,81;0;104.441.234,44;0,00%;1,00%;1.044.412,34;1.044.412,34;100,00%;0,00%;0,00%;1.044.412,34;0;0;1.044.412,34;0;0;PENDENTE
Município de Ribeirão;151.287,83;0;151.287,83;0,00;0;0;0;0;86.127,18;0;86.127,18;87.746,10;237.415,01;0;237.415,01;87.746,10;159.090.867,63;0,15%;1,00%;1.590.908,68;1.503.162,58;63,72%;0,00%;36,28%;1.013.773,82;0;577.134,86;1.013.773,82;0;489.388,76;PENDENTE
Município de Rio Formoso;3538247,01;0;3.538.247,01;761199,49;0;13977,72;13977,72;14302,92;0;117780,14;117780,14;0;3538247,01;131.757,86;3.670.004,87;775502,41;115.186.692,91;3,07%;1,00%;1.151.866,93;376.364,52;96,41%;0,38%;3,21%;1.110.513,44;4387,044155;36966,44909;349.313,95;-9915,875845;36966,44909;PENDENTE
Município de Sairé;937.246,51;0;937.246,51;0,00;455055,32;0;455055,32;0;0;0;0;0;1.392.301,83;0;1.392.301,83;0;65.578.860,44;2,12%;1,00%;655.788,60;655.788,60;67,32%;32,68%;0,00%;441.452,83;214335,776;0;441.452,83;214335,776;0;PENDENTE
Município de Salgadinho;0;0;0;0,00;0;1.885,70;1.885,70;0;0;0;0;0;0;1.885,70;1.885,70;0;48.805.136,99;0,00%;1,00%;488.051,37;488.051,37;0,00%;100,00%;0,00%;0;488.051,37;0;0;488.051,37;0;PENDENTE
Município de Salgueiro;374.486,78;282905,82;657.392,60;302280,2;0;0;0;0;0;0;0;0;374.486,78;282905,82;657.392,60;302280,2;248.159.456,60;0,15%;1,00%;2.481.594,57;2.179.314,37;100,00%;0,00%;0,00%;2.481.594,57;0;0;2.179.314,37;0;0;PENDENTE
Município de Saloá;392068,69;438425,37;830494,06;422934,07;0;0;0;0;0;0;0;0;392068,69;438425,37;830494,06;422934,07;82.155.938,29;0,48%;1,00%;821559,3829;398625,3129;1;0;0;821559,3829;0;0;398625,3129;0;0;PENDENTE
Município de Sanharó;25.519,98;87.929,28;113.449,26;0,00;0;0;0;0;0;22275,41;22275,41;0;25.519,98;110.204,69;135.724,67;0;104.262.673,12;0,02%;1,00%;1.042.626,73;1.042.626,73;83,59%;0,00%;16,41%;871.508,70;0;171118,0282;871.508,70;0;171118,0282;PENDENTE
Município de Santa Cruz da Baixa Verde;0;0;0;0,00;0;0;0;0;0;0;0;0;0;0;0;0;61.002.454,61;0,00%;1,00%;0;0;0,00;0,00;0,00;0;0;0;0;0;0;REGULARIZADO
Município de Santa Cruz do Capibaribe;792.272,81;142.726,54;934.999,35;502126,97;0;15696,93;15696,93;0;0;0;0;0;792.272,81;158.423,47;950.696,28;502126,97;401.960.179,49;0,20%;1,00%;4.019.601,79;3.517.474,82;98,35%;1,65%;0,00%;3.953.234,22;66367,57641;0;3.451.107,25;66367,57641;0;PENDENTE
Município de Santa Maria da Boa Vista;7588,88;697345,1;704933,98;164404,35;0;0;0;0;47445,93;89673,28;137119,21;48047,21;55034,81;787018,38;842053,19;212451,56;186.572.066,61;0,03%;1,00%;1865720,666;1653269,106;0,837160869;0;0,162839131;1561908,334;0;303812,3326;1397503,984;0;255765,1226;PENDENTE
Município de Santa Maria do Cambucá;0;0;0;0,00;0;2448,22;2448,22;0;0;44114,1;44114,1;0;0;46.562,32;46.562,32;0;62.661.455,31;0,00%;1,00%;626.614,55;626.614,55;0,00%;5,26%;94,74%;0;32947,03273;593667,5204;0;32947,03273;593667,5204;PENDENTE
Município de Santa Terezinha;0;94.360,10;94.360,10;0,00;0;0;0;0;170.713,86;279.985,23;450.699,09;0;170.713,86;374.345,33;545.059,19;0;60.373.717,78;0,28%;1,00%;603.737,18;603.737,18;17,31%;0,00%;82,69%;104.518,37;0;499.218,80;104.518,37;0;499.218,80;PENDENTE
Município de São Benedito do Sul;643106,42;54334,29;697440,71;535922;0;0;0;0;0;0;0;0;643106,42;54.334,29;697.440,71;535922;59.269.301,85;1,09%;1,00%;592.693,02;56.771,02;100,00%;0,00%;0,00%;592693,0185;0;0;56771,0185;0;0;PENDENTE
Município de São Bento do Una;0;128.649,78;128.649,78;0,00;212339,17;0;212339,17;216743,79;0;0;0;0;212.339,17;128.649,78;340.988,95;216743,79;208.111.034,06;0,10%;1,00%;2.081.110,34;1.864.366,55;37,73%;62,27%;0,00%;785.170,27;1295940,066;0;785.170,27;1079196,276;0;PENDENTE
Município de São Caitano;2.608.007,11;1.587.417,33;4.195.424,44;0,00;0;0;0;0;0;0;0;0;2.608.007,11;1.587.417,33;4.195.424,44;0;141.427.389,76;1,84%;1,00%;1.414.273,90;1.414.273,90;100,00%;0,00%;0,00%;1.414.273,90;0;0;1.414.273,90;0;0;PENDENTE
Município de São João;148083,18;0;148.083,18;158375,89;0;0;0;0;0;0;0;0;148.083,18;0;148.083,18;158.375,89;117.934.896,37;0,13%;1,00%;1.179.348,96;1.020.973,07;100,00%;0,00%;0,00%;1.179.348,96;0;0;1.020.973,07;0;0;PENDENTE
Município de São Joaquim do Monte;178.227,81;542.109,37;720.337,18;181450,99;0;0;0;0;1085785,57;249511,08;1335296,65;195680,93;1.264.013,38;791.620,45;2.055.633,83;377131,92;101.539.390,54;1,24%;1,00%;1.015.393,91;638.261,99;35,04%;0,00%;64,96%;355.815,31;0;659578,5983;174.364,32;0;463897,6683;PENDENTE
Município de São José da Coroa Grande;159.461,21;106316,96;265.778,17;0,00;0;0;0;0;31673,06;0;31673,06;12612,57;191.134,27;106316,96;297.451,23;12.612,57;110.712.648,32;0,17%;1,00%;1.107.126,48;1.094.513,91;89,35%;0,00%;10,65%;989.237,97;0;117888,5141;989.237,97;0;105275,9441;PENDENTE
Município de São José do Belmonte;435.735,55;346.061,36;781.796,91;487.313,13;0;4537840,46;4537840,46;0;56.393,74;0;56.393,74;57.247,66;492.129,29;4.883.901,82;5.376.031,11;544.560,79;139.850.667,71;0,35%;1,00%;1.398.506,68;853.945,89;14,54%;84,41%;1,05%;203.374,60;1180461,953;14.670,12;-283.938,53;1180461,953;-42.577,54;PENDENTE
Município de São José do Egito;0;47.644,17;47.644,17;0,00;0;0;0;0;0;106567,7;106.567,70;0;0;154.211,87;154.211,87;0;142.497.373,45;0,00%;1,00%;1.424.973,73;1.424.973,73;30,90%;0,00%;69,10%;440.249,45;0;984.724,29;440.249,45;0;984.724,29;PENDENTE
Município de São Lourenço da Mata;0;1.563.750,28;1.563.750,28;5.630,31;0;12.923,91;12.923,91;0;0;19630,76;19.630,76;0;0;1.596.304,95;1.596.304,95;5.630,31;331.050.896,54;0,00%;1,00%;3.310.508,97;3.304.878,66;97,96%;0,81%;1,23%;3.242.995,22;26.802,35;40.711,40;3.237.364,91;26.802,35;40.711,40;PENDENTE
Município de São Vicente Ferrer;0;0;0;0,00;0;3225,59;3225,59;0;0;0;0;0;0;3.225,59;3.225,59;0;82.624.788,34;0,00%;1,00%;826.247,88;826.247,88;0,00%;100,00%;0,00%;0;826247,8834;0;0;826247,8834;0;PENDENTE
Município de Serra Talhada;2535347,14;3.947.029,08;6.482.376,22;2.324.143,86;0;0;0;0;0;0;0;0;2535347,14;3.947.029,08;6.482.376,22;2.324.143,86;344.113.314,35;0,74%;1,00%;3.441.133,14;1.116.989,28;100,00%;0,00%;0,00%;3.441.133,14;0;0;1.116.989,28;0;0;PENDENTE
Município de Serrita;0;0;0;0,00;0;0;0;0;0;0;0;0;0;0;0;0;102.432.747,55;0,00%;1,00%;0;0;0,00;0,00;0,00;0;0;0;0;0;0;REGULARIZADO
Município de Sertânia;1.248.063,07;3.161.338,73;4.409.401,80;464.445,66;0;0;0;0;15099,17;34705,04;49804,21;15665,73;1.263.162,24;3.196.043,77;4.459.206,01;480.111,39;129.950.558,33;0,97%;1,00%;1.299.505,58;819.394,19;98,88%;0,00%;1,12%;1.284.991,60;0;14513,98496;820.545,94;0;-1151,745039;PENDENTE
Município de Sirinhaém;0;0;0;0,00;0;0;0;0;0;0;0;0;0;0;0;0;184.371.447,96;0,00%;1,00%;0;0;0,00;0,00;0,00;0;0;0;0;0;0;REGULARIZADO
Município de Solidão;0;0;0;29.459,92;0;0;0;0;0;0;0;0;0;0;0;29.459,92;53.802.041,50;0,00%;1,00%;0;0;0,00;0,00;0,00;0;0;0;-29.459,92;0;0;REGULARIZADO
Município de Surubim;0;0;0;0,00;0;8282,01;8282,01;0;917619,1;750369,54;1667988,64;917237,53;917619,1;758651,55;1676270,65;917237,53;212.146.820,59;0,43%;1,00%;2121468,206;1204230,676;0;0,004940736;0,995059264;0;10481,61339;2110986,593;0;10481,61339;1193749,063;PENDENTE
Município de Tabira;134471,26;3378919,56;3513390,82;0,00;0;0;0;0;0;0;0;0;134471,26;3378919,56;3513390,82;0;121.173.526,78;0,11%;1,00%;1211735,268;1.211.735,27;1;0;0;1211735,268;0;0;1.211.735,27;0;0;PENDENTE
Município de Tacaimbó;0;99824,36;99824,36;0,00;0;0;0;0;0;0;0;0;0;99.824,36;99.824,36;0;66.707.002,24;0,00%;1,00%;667.070,02;667.070,02;100,00%;0,00%;0,00%;667070,0224;0;0;667070,0224;0;0;PENDENTE
Município de Tacaratu;412.683,77;0;412.683,77;434729,36;0;0;0;0;0;0;0;0;412.683,77;0;412.683,77;434729,36;106.499.634,57;0,39%;1,00%;1.064.996,35;630.266,99;100,00%;0,00%;0,00%;1.064.996,35;0;0;630.266,99;0;0;PENDENTE
Município de Tamandaré;0;656.864,60;656.864,60;0,00;0;0;0;0;0;0;0;0;0;656.864,60;656.864,60;0;131.880.131,42;0,00%;1,00%;1.318.801,31;1.318.801,31;100,00%;0,00%;0,00%;1.318.801,31;0;0;1.318.801,31;0;0;PENDENTE
Município de Taquaritinga do Norte;0;0;0;0,00;0;4110,89;4110,89;0;91213,66;0;91213,66;819623,73;91.213,66;4110,89;95.324,55;819.623,73;105.302.030,22;0,09%;1,00%;1.053.020,30;233.396,57;0,00%;4,31%;95,69%;0;45411,708;1007608,594;0;45411,708;187984,8642;PENDENTE
Município de Terezinha;0;0;0;0,00;0;180196,66;180196,66;0;0;0;0;0;0;180.196,66;180.196,66;0;52.223.035,63;0,00%;1,00%;522.230,36;522.230,36;0,00%;100,00%;0,00%;0;522230,3563;0;0;522230,3563;0;PENDENTE
Município de Terra Nova;0;0;0;0,00;0;0;0;0;0;0;0;0;0;0;0;0;57.159.936,75;0,00%;1,00%;0;0;0,00;0,00;0,00;0;0;0;0;0;0;REGULARIZADO
Município de Timbaúba;1016549,63;1199708,52;2216258,15;0,00;0;8.366,60;8.366,60;0;0;0;0;0;1016549,63;1.208.075,12;2.224.624,75;0;214.313.635,89;0,47%;1,00%;2.143.136,36;2.143.136,36;99,62%;0,38%;0,00%;2135076,229;8.060,13;0;2135076,229;8.060,13;0;PENDENTE
Município de Toritama;0;26929,79;26929,79;0,00;0;7330,63;7330,63;0;0;0;0;0;0;34260,42;34260,42;0;187.776.886,32;0,00%;1,00%;1877768,863;1877768,863;0,786032104;0,213967896;0;1475986,609;401782,2537;0;1475986,609;401782,2537;0;PENDENTE
Município de Tracunhaém;0;0;0;0,00;0;2355,56;2355,56;0;0;0;0;0;0;2.355,56;2.355,56;0;60.338.573,02;0,00%;1,00%;603.385,73;603.385,73;0,00%;100,00%;0,00%;0;603385,7302;0;0;603385,7302;0;PENDENTE
Município de Trindade;118981,37;544.715,14;663.696,51;0,00;0;110248,3;110248,3;0;0;0;0;0;118981,37;654.963,44;773.944,81;0;132.314.272,00;0,09%;1,00%;1.323.142,72;1.323.142,72;85,76%;14,24%;0,00%;1.134.661,28;188481,4442;0;1.134.661,28;188481,4442;0;PENDENTE
Município de Triunfo;0;0;0;0,00;0;0;0;0;0;0;0;0;0;0;0;0;77.738.720,28;0,00%;1,00%;0;0;0,00;0,00;0,00;0;0;0;0;0;0;REGULARIZADO
Município de Tupanatinga;0;0;0;3892,4;0;0;0;0;0;0;0;0;0;0;0;3892,4;123.447.406,27;0,00%;1,00%;0;0;0,00;0,00;0,00;0;0;0;-3.892,40;0;0;REGULARIZADO
Município de Tuparetama;0;0;0;0,00;0;0;0;0;0;0;0;0;0;0;0;0;47.345.219,22;0,00%;1,00%;0;0;0,00;0,00;0,00;0;0;0;0;0;0;REGULARIZADO
Município de Venturosa;0;0;0;85.490,82;0;0;0;0;0;0;0;0;0;0;0;85.490,82;83.062.383,13;0,00%;1,00%;0;0;0,00;0,00;0,00;0;0;0;-85.490,82;0;0;REGULARIZADO
Município de Verdejante;897628,58;0;897628,58;0,00;458584,37;0;458584,37;0;0;0;0;0;1356212,95;0;1356212,95;0;52.261.299,29;2,60%;1,00%;522612,9929;522612,9929;0,661864038;0,338135962;0;345898,746;176714,2469;0;345898,746;176714,2469;0;PENDENTE
Município de Vertente do Lério;0;0;0;0,00;0;2152,59;2152,59;0;0;0;0;0;0;2152,59;2152,59;0;55.139.381,29;0,00%;1,00%;551393,8129;551.393,81;0;1;0;0;551393,8129;0;0;551393,8129;0;PENDENTE
Município de Vertentes;0;0;0;0,00;0;3707,06;3.707,06;0;0;0;0;0;0;3707,06;3.707,06;0;94.957.703,84;0,00%;1,00%;949.577,04;949.577,04;0,00%;100,00%;0,00%;0;949.577,04;0;0;949.577,04;0;PENDENTE
Município de Vicência;0;0;0;539945,65;365565,82;4774,65;370340,47;0;0;0;0;0;365565,82;4774,65;370340,47;539945,65;131.403.465,17;0,28%;1,00%;1314034,652;774089,0017;0;1;0;0;1314034,652;0;-539945,65;1314034,652;0;PENDENTE
Município de Vitória de Santo Antão;945918,45;32113593,11;33059511,56;0,00;483254,2;0;483254,2;0;0;0;0;0;1429172,65;32113593,11;33542765,76;0;495.584.862,52;0,29%;1,00%;4955848,625;4955848,625;0,985592893;0,014407107;0;4884449,186;71399,43915;0;4884449,186;71399,43915;0;PENDENTE
Município de Xexéu;437128,72;223721,26;660849,98;13.610,69;0;0;0;0;0;32320,1;32320,1;0;437.128,72;256041,36;693.170,08;13.610,69;84.169.529,85;0,52%;1,00%;841.695,30;828.084,61;95,34%;0,00%;4,66%;802449,9863;0;39245,31223;788.839,30;0;39245,31223;PENDENTE
